{
  "disease": "ckd",
  "user_id": "demo_ckd_3",
  "features": {
    "age": 0.9204545454545456,
    "bp": 0.1538461538461539,
    "sg": 0.7500000000000071,
    "al": 0.6000000000000001,
    "su": 0.0,
    "bgr": 0.1709401709401709,
    "bu": 0.1825273010920436,
    "sc": 0.0291005291005291,
    "sod": 0.7594501718213058,
    "pot": 0.6274509803921571,
    "hemo": 0.3809523809523808,
    "pcv": 0.3777777777777778,
    "wbcc": 0.4380165289256198,
    "rbcc": 0.2272727272727273,
    "rbc": 1.0,
    "pc": 1.0,
    "pcc": 0.0,
    "ba": 0.0,
    "htn": 1.0,
    "dm": 1.0,
    "cad": 0.0,
    "appet": 1.0,
    "pe": 0.0,
    "ane": 1.0
  },
  "profile": {
    "calories_target": 2000
  },
  "top_n_foods": 5
}