{
  "disease": "ckd",
  "user_id": "demo_ckd_2",
  "features": {
    "age": 0.1704545454545454,
    "bp": 0.0769230769230769,
    "sg": 0.2500000000000071,
    "al": 0.0,
    "su": 0.0,
    "bgr": 0.1495726495726496,
    "bu": 0.095163806552262,
    "sc": 0.0224867724867724,
    "sod": 0.9381443298969072,
    "pot": 0.3333333333333335,
    "hemo": 0.7346938775510203,
    "pcv": 0.9555555555555556,
    "wbcc": 0.1983471074380165,
    "rbcc": 0.6363636363636365,
    "rbc": 1.0,
    "pc": 1.0,
    "pcc": 0.0,
    "ba": 0.0,
    "htn": 0.0,
    "dm": 1.0,
    "cad": 0.0,
    "appet": 0.0,
    "pe": 0.0,
    "ane": 0.0
  },
  "profile": {
    "calories_target": 2000
  },
  "top_n_foods": 5
}